<?xml version="1.0" encoding="UTF-8"?>

<beans xmlns="http://www.springframework.org/schema/beans"
       xmlns:xsi="http://www.w3.org/2001/XMLSchema-instance"
       xsi:schemaLocation="http://www.springframework.org/schema/beans
           http://www.springframework.org/schema/beans/spring-beans-2.0.xsd">

	<bean id="componentsBundle" class="net.sf.jasperreports.engine.component.DefaultComponentsBundle">
		<property name="componentManagers">
			<map>
				<entry key="xchart.XYChartComponent">
					<ref bean="XYChartManager"/>
				</entry>
			</map>
		</property>
	</bean>

	<bean id="XYChartManager" class="net.sf.jasperreports.engine.component.DefaultComponentManager">
		<property name="componentCompiler">
			<bean class="xchart.XYChartCompiler"/>
		</property>
		<property name="componentFillFactory">
			<bean class="xchart.XYChartFillFactory"/>
		</property>
	</bean>

</beans>
